AL3;Especie;Censo;CFR;NombreBuque;Matricula;Division;PaisCaptura;FcCaptura;HoraMinutos;Marea;FcSalida;FcRegreso;PuertoSalida;PuertoRegreso;Presentacion;Latitud;Longitud;IdArteUeAL3;Arte;ObservacionDesembarqueOrigen;ObservacionesProduccion;PesoDesembarcadoTotal;PesoDesembarcadoVivoTotal;PesoConsumoTotal;NumPiezasTotales
FAL;Tiburón jaquetón;ATUNEROS CERQUEROS CONGELADORES EN OCEANO ATLANTICO, INDICO Y PACIFICO;ESP000000755;ALBACORA CUATRO;3VI-5-9478;51.5;AGUAS INTERNACIONALES;2020-03-04;4:20;ESP-TRP-00075520200215065554;2020-02-15;2020-03-09;Port Victoria;Port Victoria;Entero;-4,35;44,5333;PS;Cerco con jareta;NULL;NULL;124.30;124.30;124.30;0
FAL;Tiburón jaquetón;ATUNEROS CERQUEROS CONGELADORES EN OCEANO ATLANTICO, INDICO Y PACIFICO;ESP000000755;ALBACORA CUATRO;3VI-5-9478;51.5;AGUAS INTERNACIONALES;2020-04-16;3:10;ESP-TRP-00075520200318045459;2020-03-18;2020-04-20;Port Victoria;Port Victoria;Entero;-2,2333;45,7167;PS;Cerco con jareta;NULL;NULL;66.00;66.00;66.00;0
FAL;Tiburón jaquetón;ATUNEROS CERQUEROS CONGELADORES EN OCEANO ATLANTICO, INDICO Y PACIFICO;ESP000000755;ALBACORA CUATRO;3VI-5-9478;51.5;AGUAS INTERNACIONALES;2020-06-06;7:0;ESP-TRP-00075520200605164958;2020-06-05;2020-07-16;Port Victoria;Port Victoria;Entero;-5,5833;59,85;PS;Cerco con jareta;NULL;NULL;47.50;47.50;47.50;0
FAL;Tiburón jaquetón;ATUNEROS CERQUEROS CONGELADORES EN OCEANO ATLANTICO, INDICO Y PACIFICO;ESP000000755;ALBACORA CUATRO;3VI-5-9478;51.5;AGUAS INTERNACIONALES;2020-06-20;5:55;ESP-TRP-00075520200605164958;2020-06-05;2020-07-16;Port Victoria;Port Victoria;Entero;-5,7833;61,8667;PS;Cerco con jareta;NULL;NULL;47.50;47.50;47.50;0
FAL;Tiburón jaquetón;ATUNEROS CERQUEROS CONGELADORES EN OCEANO ATLANTICO, INDICO Y PACIFICO;ESP000000755;ALBACORA CUATRO;3VI-5-9478;51.5;AGUAS INTERNACIONALES;2020-08-01;2:37;ESP-TRP-00075520200722140447;2020-07-22;2020-09-07;Port Victoria;Port Victoria;Entero;3,5833;64,4167;PS;Cerco con jareta;NULL;NULL;93.60;93.60;93.60;0
FAL;Tiburón jaquetón;ATUNEROS CERQUEROS CONGELADORES EN OCEANO ATLANTICO, INDICO Y PACIFICO;ESP000000755;ALBACORA CUATRO;3VI-5-9478;51.5;AGUAS INTERNACIONALES;2020-08-12;5:55;ESP-TRP-00075520200722140447;2020-07-22;2020-09-07;Port Victoria;Port Victoria;Entero;3,2167;63,5;PS;Cerco con jareta;NULL;NULL;46.80;46.80;46.80;0
FAL;Tiburón jaquetón;ATUNEROS CERQUEROS CONGELADORES EN OCEANO ATLANTICO, INDICO Y PACIFICO;ESP000000755;ALBACORA CUATRO;3VI-5-9478;51.5;AGUAS INTERNACIONALES;2020-08-25;8:42;ESP-TRP-00075520200722140447;2020-07-22;2020-09-07;Port Victoria;Port Victoria;Entero;5,6667;53,7833;PS;Cerco con jareta;NULL;NULL;93.60;93.60;93.60;0
FAL;Tiburón jaquetón;ATUNEROS CERQUEROS CONGELADORES EN OCEANO ATLANTICO, INDICO Y PACIFICO;ESP000000755;ALBACORA CUATRO;3VI-5-9478;51.5;AGUAS INTERNACIONALES;2021-03-03;10:0;ESP-TRP-00075520210209092721;2021-02-09;2021-03-07;Port Victoria;Port Victoria;Entero;6,9833;61,3833;PS;Cerco con jareta;NULL;NULL;81.00;81.00;81.00;0
FAL;Tiburón jaquetón;ATUNEROS CERQUEROS CONGELADORES EN OCEANO ATLANTICO, INDICO Y PACIFICO;ESP000000755;ALBACORA CUATRO;3VI-5-9478;51.5;AGUAS INTERNACIONALES;2021-05-04;10:10;ESP-TRP-00075520210417140639;2021-04-17;2021-05-06;Port Victoria;Port Victoria;Entero;0,6;51,3;PS;Cerco con jareta;NULL;;27.00;27.00;27.00;0
FAL;Tiburón jaquetón;ATUNEROS CERQUEROS CONGELADORES EN OCEANO ATLANTICO, INDICO Y PACIFICO;ESP000000755;ALBACORA CUATRO;3VI-5-9478;51.5;AGUAS INTERNACIONALES;2021-11-26;2:5;ESP-TRP-00075520211116175444;2021-11-16;2021-12-01;Diego Suarez;Port Victoria;Entero;5,7833;57,2333;PS;Cerco con jareta;He tenido que introducir manualmente 4 declaraciones, ya que después de varias llamadas al centro de atención telefónica y probar todas las opciones,;NULL;118.00;118.00;118.00;0
FAL;Tiburón jaquetón;ATUNEROS CERQUEROS CONGELADORES EN OCEANO ATLANTICO, INDICO Y PACIFICO;ESP000000755;ALBACORA CUATRO;3VI-5-9478;51.5;AGUAS INTERNACIONALES;2021-12-24;1:30;ESP-TRP-00075520211207121022;2021-12-07;2022-01-06;Port Victoria;Port Victoria;Entero;5,8667;58,7;PS;Cerco con jareta;NULL;NULL;63.00;63.00;63.00;0
FAL;Tiburón jaquetón;ATUNEROS CERQUEROS CONGELADORES EN OCEANO ATLANTICO, INDICO Y PACIFICO;ESP000000755;ALBACORA CUATRO;3VI-5-9478;51.5;AGUAS INTERNACIONALES;2022-01-23;6:15;ESP-TRP-00075520220118134015;2022-01-18;2022-02-21;Port Victoria;Port Victoria;Entero;8,3;61,8167;PS;Cerco con jareta;Con motivo del parche efectuado para la nueva actualización del DEA, y por indicaciones telefónicas con ustedes, he tenido que realizar el desembarqu;;31.00;31.00;31.00;0
FAL;Tiburón jaquetón;ATUNEROS CERQUEROS CONGELADORES EN OCEANO ATLANTICO, INDICO Y PACIFICO;ESP000000755;ALBACORA CUATRO;3VI-5-9478;51.5;AGUAS INTERNACIONALES;2022-07-21;2:30;ESP-TRP-00075520220711042954;2022-07-11;2022-08-09;Port Victoria;Port Victoria;Entero;2,4;57,8333;PS;Cerco con jareta;NULL;NULL;12.00;12.00;12.00;0
FAL;Tiburón jaquetón;ATUNEROS CERQUEROS CONGELADORES EN OCEANO ATLANTICO, INDICO Y PACIFICO;ESP000000755;ALBACORA CUATRO;3VI-5-9478;51.5;AGUAS INTERNACIONALES;2022-09-08;4:14;ESP-TRP-00075520220818134919;2022-08-18;2022-09-19;Port Victoria;Port Victoria;Entero;1,85;52,6833;PS;Cerco con jareta;NULL;NULL;10.00;10.00;10.00;0
FAL;Tiburón jaquetón;ATUNEROS CERQUEROS CONGELADORES EN OCEANO ATLANTICO, INDICO Y PACIFICO;ESP000000755;ALBACORA CUATRO;3VI-5-9478;51.5;AGUAS INTERNACIONALES;2022-10-17;7:50;ESP-TRP-00075520220925120619;2022-09-25;2022-10-25;Port Victoria;Port Victoria;Entero;5,3;57,75;PS;Cerco con jareta;NULL;NULL;18.00;18.00;18.00;0
FAL;Tiburón jaquetón;ATUNEROS CERQUEROS CONGELADORES EN OCEANO ATLANTICO, INDICO Y PACIFICO;ESP000000755;ALBACORA CUATRO;3VI-5-9478;51.5;AGUAS INTERNACIONALES;2023-01-20;2:0;ESP-TRP-00075520230107093323;2023-01-07;2023-01-23;Port Victoria;Port Victoria;Entero;5,8667;59,2167;PS;Cerco con jareta;NULL;NULL;32.00;32.00;32.00;0
FAL;Tiburón jaquetón;ATUNEROS CERQUEROS CONGELADORES EN OCEANO ATLANTICO, INDICO Y PACIFICO;ESP000000755;ALBACORA CUATRO;3VI-5-9478;51.5;AGUAS INTERNACIONALES;2023-03-02;3:5;ESP-TRP-00075520230201135206;2023-02-01;2023-03-06;Port Victoria;Port Victoria;Entero;-5,5167;49,0333;PS;Cerco con jareta;NULL;NULL;42.00;42.00;42.00;0
FAL;Tiburón jaquetón;ATUNEROS CERQUEROS CONGELADORES EN OCEANO ATLANTICO, INDICO Y PACIFICO;ESP000000755;ALBACORA CUATRO;3VI-5-9478;51.5;SEYCHELLES;2021-05-05;2:35;ESP-TRP-00075520210417140639;2021-04-17;2021-05-06;Port Victoria;Port Victoria;Entero;-2,9;51,5333;PS;Cerco con jareta;NULL;;13.00;13.00;13.00;0
FAL;Tiburón jaquetón;ATUNEROS CERQUEROS CONGELADORES EN OCEANO ATLANTICO, INDICO Y PACIFICO;ESP000000755;ALBACORA CUATRO;3VI-5-9478;51.5;SEYCHELLES;2022-03-15;8:10;ESP-TRP-00075520220226141655;2022-02-26;2022-03-20;Port Victoria;Port Victoria;Entero;-7,1167;51,1833;PS;Cerco con jareta;NULL;NULL;33.00;33.00;33.00;0
FAL;Tiburón jaquetón;ATUNEROS CERQUEROS CONGELADORES EN OCEANO ATLANTICO, INDICO Y PACIFICO;ESP000000755;ALBACORA CUATRO;3VI-5-9478;51.5;SEYCHELLES;2022-04-30;2:30;ESP-TRP-00075520220328152752;2022-03-28;2022-05-03;Port Victoria;Port Victoria;Entero;-6,1167;49,8167;PS;Cerco con jareta;NULL;NULL;51.00;51.00;51.00;0
FAL;Tiburón jaquetón;ATUNEROS CERQUEROS CONGELADORES EN OCEANO ATLANTICO, INDICO Y PACIFICO;ESP000022090;ALBACAN;3CA-3-1-91;51.5;AGUAS INTERNACIONALES;2020-02-01;3:15;ESP-TRP-02209020200130030900;2020-01-30;2020-02-15;Antsiranana;Port Victoria;Entero;NULL;NULL;PS;Cerco con jareta;NULL;NULL;55.00;55.00;55.00;0
FAL;Tiburón jaquetón;ATUNEROS CERQUEROS CONGELADORES EN OCEANO INDICO Y PACIFICO;ESP000025179;PLAYA DE ARITZATXU;3BI-2-4-01;51.5;AGUAS INTERNACIONALES;2022-08-16;8:50;ESP-TRP-02517920220721095557;2022-07-21;2022-08-21;Mahe;Mahe;Entero;6,2667;56,2667;PS;Cerco con jareta;NULL;NULL;33.00;33.00;33.00;0
FAL;Tiburón jaquetón;ATUNEROS CERQUEROS CONGELADORES EN OCEANO INDICO Y PACIFICO;ESP000027578;PLAYA DE RIS;3BI-2-1-14;51.5;AGUAS INTERNACIONALES;2022-02-23;2:55;ESP-TRP-02757820220218122804;2022-02-18;2022-03-12;Port Victoria;Port Victoria;Entero;NULL;NULL;PS;Cerco con jareta;NULL;NULL;1.52;1.52;1.52;0
FAL;Tiburón jaquetón;ATUNEROS CERQUEROS CONGELADORES EN OCEANO INDICO Y PACIFICO;ESP000027578;PLAYA DE RIS;3BI-2-1-14;51.5;AGUAS INTERNACIONALES;2022-02-23;7:50;ESP-TRP-02757820220218122804;2022-02-18;2022-03-12;Port Victoria;Port Victoria;Entero;NULL;NULL;PS;Cerco con jareta;NULL;NULL;1.52;1.52;1.52;0
FAL;Tiburón jaquetón;ATUNEROS CERQUEROS CONGELADORES EN OCEANO INDICO Y PACIFICO;ESP000027578;PLAYA DE RIS;3BI-2-1-14;51.5;AGUAS INTERNACIONALES;2022-03-06;3:0;ESP-TRP-02757820220218122804;2022-02-18;2022-03-12;Port Victoria;Port Victoria;Entero;NULL;NULL;PS;Cerco con jareta;NULL;NULL;1.52;1.52;1.52;0
FAL;Tiburón jaquetón;ATUNEROS CERQUEROS CONGELADORES EN OCEANO INDICO Y PACIFICO;ESP000027578;PLAYA DE RIS;3BI-2-1-14;51.5;AGUAS INTERNACIONALES;2022-03-06;9:30;ESP-TRP-02757820220218122804;2022-02-18;2022-03-12;Port Victoria;Port Victoria;Entero;NULL;NULL;PS;Cerco con jareta;NULL;NULL;1.52;1.52;1.52;0
FAL;Tiburón jaquetón;ATUNEROS CERQUEROS CONGELADORES EN OCEANO INDICO Y PACIFICO;ESP000027578;PLAYA DE RIS;3BI-2-1-14;51.5;AGUAS INTERNACIONALES;2022-03-07;3:20;ESP-TRP-02757820220218122804;2022-02-18;2022-03-12;Port Victoria;Port Victoria;Entero;NULL;NULL;PS;Cerco con jareta;NULL;NULL;1.52;1.52;1.52;0
FAL;Tiburón jaquetón;ATUNEROS CERQUEROS CONGELADORES EN OCEANO INDICO Y PACIFICO;ESP000027578;PLAYA DE RIS;3BI-2-1-14;51.5;AGUAS INTERNACIONALES;2022-03-08;3:5;ESP-TRP-02757820220218122804;2022-02-18;2022-03-12;Port Victoria;Port Victoria;Entero;NULL;NULL;PS;Cerco con jareta;NULL;NULL;1.52;1.52;1.52;0
FAL;Tiburón jaquetón;ATUNEROS CERQUEROS CONGELADORES EN OCEANO INDICO Y PACIFICO;ESP000027578;PLAYA DE RIS;3BI-2-1-14;51.5;AGUAS INTERNACIONALES;2022-03-09;2:20;ESP-TRP-02757820220218122804;2022-02-18;2022-03-12;Port Victoria;Port Victoria;Entero;NULL;NULL;PS;Cerco con jareta;NULL;NULL;1.52;1.52;1.52;0
FAL;Tiburón jaquetón;ATUNEROS CERQUEROS CONGELADORES EN OCEANO INDICO Y PACIFICO;ESP000027578;PLAYA DE RIS;3BI-2-1-14;51.5;AGUAS INTERNACIONALES;2022-03-09;6:50;ESP-TRP-02757820220218122804;2022-02-18;2022-03-12;Port Victoria;Port Victoria;Entero;NULL;NULL;PS;Cerco con jareta;NULL;NULL;1.52;1.52;1.52;0
FAL;Tiburón jaquetón;ATUNEROS CERQUEROS CONGELADORES EN OCEANO INDICO Y PACIFICO;ESP000027578;PLAYA DE RIS;3BI-2-1-14;51.5;AGUAS INTERNACIONALES;2022-04-05;2:45;ESP-TRP-02757820220317025524;2022-03-17;2022-04-11;Port Victoria;Port Victoria;Entero;0,8333;52,75;PS;Cerco con jareta;NULL;NULL;10.00;10.00;10.00;0
FAL;Tiburón jaquetón;ATUNEROS CERQUEROS CONGELADORES EN OCEANO INDICO Y PACIFICO;ESP000027578;PLAYA DE RIS;3BI-2-1-14;51.5;AGUAS INTERNACIONALES;2022-06-29;7:15;ESP-TRP-02757820220617061439;2022-06-17;2022-07-10;Port Victoria;Port Victoria;Entero;2,6;58,5167;PS1;Red de cerco con jareta desde una embarcación;NULL;NULL;10.00;10.00;10.00;0
FAL;Tiburón jaquetón;ATUNEROS CERQUEROS CONGELADORES EN OCEANO INDICO Y PACIFICO;ESP000027578;PLAYA DE RIS;3BI-2-1-14;51.5;AGUAS INTERNACIONALES;2022-07-01;2:35;ESP-TRP-02757820220617061439;2022-06-17;2022-07-10;Port Victoria;Port Victoria;Entero;-1,1333;61,8;PS1;Red de cerco con jareta desde una embarcación;NULL;NULL;15.00;15.00;15.00;0
FAL;Tiburón jaquetón;ATUNEROS CERQUEROS CONGELADORES EN OCEANO INDICO Y PACIFICO;ESP000027578;PLAYA DE RIS;3BI-2-1-14;51.5;AGUAS INTERNACIONALES;2022-08-10;3:10;ESP-TRP-02757820220722024219;2022-07-22;2022-08-16;Port Victoria;Port Victoria;Entero;-3,95;60,9667;PS1;Red de cerco con jareta desde una embarcación;NULL;NULL;20.00;20.00;20.00;0
FAL;Tiburón jaquetón;ATUNEROS CERQUEROS CONGELADORES EN OCEANO INDICO Y PACIFICO;ESP000027578;PLAYA DE RIS;3BI-2-1-14;51.5;AGUAS INTERNACIONALES;2022-08-11;7:45;ESP-TRP-02757820220722024219;2022-07-22;2022-08-16;Port Victoria;Port Victoria;Entero;-3,85;59,8333;PS1;Red de cerco con jareta desde una embarcación;NULL;NULL;20.00;20.00;20.00;0
FAL;Tiburón jaquetón;ATUNEROS CERQUEROS CONGELADORES EN OCEANO INDICO Y PACIFICO;ESP000027578;PLAYA DE RIS;3BI-2-1-14;51.5;AGUAS INTERNACIONALES;2022-08-23;4:5;ESP-TRP-02757820220819134038;2022-08-19;2022-09-06;Port Victoria;Port Victoria;Entero;-6,0667;61,6667;PS1;Red de cerco con jareta desde una embarcación;NULL;NULL;15.00;15.00;15.00;0
FAL;Tiburón jaquetón;ATUNEROS CERQUEROS CONGELADORES EN OCEANO INDICO Y PACIFICO;ESP000027578;PLAYA DE RIS;3BI-2-1-14;51.5;AGUAS INTERNACIONALES;2022-08-28;2:40;ESP-TRP-02757820220819134038;2022-08-19;2022-09-06;Port Victoria;Port Victoria;Entero;-6,4333;60,95;PS1;Red de cerco con jareta desde una embarcación;NULL;NULL;15.00;15.00;15.00;0
FAL;Tiburón jaquetón;ATUNEROS CERQUEROS CONGELADORES EN OCEANO INDICO Y PACIFICO;ESP000027578;PLAYA DE RIS;3BI-2-1-14;51.5;AGUAS INTERNACIONALES;2022-09-15;2:50;ESP-TRP-02757820220909121628;2022-09-09;2022-10-06;Port Victoria;Port Victoria;Entero;0,3667;50,8167;PS1;Red de cerco con jareta desde una embarcación;NULL;NULL;10.00;10.00;10.00;0
FAL;Tiburón jaquetón;ATUNEROS CERQUEROS CONGELADORES EN OCEANO INDICO Y PACIFICO;ESP000027578;PLAYA DE RIS;3BI-2-1-14;51.5;AGUAS INTERNACIONALES;2022-09-20;4:10;ESP-TRP-02757820220909121628;2022-09-09;2022-10-06;Port Victoria;Port Victoria;Entero;2,1333;58,8333;PS1;Red de cerco con jareta desde una embarcación;NULL;NULL;20.00;20.00;20.00;0
FAL;Tiburón jaquetón;ATUNEROS CERQUEROS CONGELADORES EN OCEANO INDICO Y PACIFICO;ESP000027578;PLAYA DE RIS;3BI-2-1-14;51.5;AGUAS INTERNACIONALES;2022-10-20;2:35;ESP-TRP-02757820221015125401;2022-10-15;2022-11-11;Port Victoria;Port Victoria;Entero;-2,2;48,4;PS;Cerco con jareta;NULL;NULL;15.00;15.00;15.00;0
FAL;Tiburón jaquetón;ATUNEROS CERQUEROS CONGELADORES EN OCEANO INDICO Y PACIFICO;ESP000027578;PLAYA DE RIS;3BI-2-1-14;51.5;AGUAS INTERNACIONALES;2022-12-03;2:25;ESP-TRP-02757820221124050517;2022-11-24;2022-12-10;Port Victoria;Port Victoria;Entero;3,05;54,6667;PS;Cerco con jareta;NULL;NULL;25.00;25.00;25.00;0
FAL;Tiburón jaquetón;ATUNEROS CERQUEROS CONGELADORES EN OCEANO INDICO Y PACIFICO;ESP000027578;PLAYA DE RIS;3BI-2-1-14;51.5;AGUAS INTERNACIONALES;2023-01-08;2:0;ESP-TRP-02757820230101034900;2023-01-01;2023-01-10;Port Victoria;Port Victoria;Entero;4,9333;61,1667;PS;Cerco con jareta;NULL;NULL;15.00;15.00;15.00;0
FAL;Tiburón jaquetón;ATUNEROS CERQUEROS CONGELADORES EN OCEANO INDICO Y PACIFICO;ESP000027578;PLAYA DE RIS;3BI-2-1-14;51.5;AGUAS INTERNACIONALES;2023-01-20;5:30;ESP-TRP-02757820230117044737;2023-01-17;2023-02-14;Port Victoria;Port Victoria;Entero;6,65;56,0667;PS;Cerco con jareta;NULL;NULL;20.00;20.00;20.00;0
FAL;Tiburón jaquetón;ATUNEROS CERQUEROS CONGELADORES EN OCEANO INDICO Y PACIFICO;ESP000027578;PLAYA DE RIS;3BI-2-1-14;51.5;AGUAS INTERNACIONALES;2023-02-28;7:45;ESP-TRP-02757820230220135615;2023-02-20;2023-03-06;Port Victoria;Port Victoria;Entero;-5,2833;48,4667;PS1;Red de cerco con jareta desde una embarcación;NULL;NULL;20.00;20.00;20.00;0
FAL;Tiburón jaquetón;ATUNEROS CERQUEROS CONGELADORES EN OCEANO INDICO Y PACIFICO;ESP000027578;PLAYA DE RIS;3BI-2-1-14;51.5;AGUAS INTERNACIONALES;2023-03-17;10:5;ESP-TRP-02757820230309092519;2023-03-09;2023-04-05;Port Victoria;Port Victoria;Entero;-5,8833;43,8333;PS1;Red de cerco con jareta desde una embarcación;NULL;NULL;15.00;15.00;15.00;0
FAL;Tiburón jaquetón;ATUNEROS CERQUEROS CONGELADORES EN OCEANO INDICO Y PACIFICO;ESP000027578;PLAYA DE RIS;3BI-2-1-14;51.5;AGUAS INTERNACIONALES;2023-03-19;5:45;ESP-TRP-02757820230309092519;2023-03-09;2023-04-05;Port Victoria;Port Victoria;Entero;-4,7167;46,8167;PS1;Red de cerco con jareta desde una embarcación;NULL;NULL;15.00;15.00;15.00;0
FAL;Tiburón jaquetón;ATUNEROS CERQUEROS CONGELADORES EN OCEANO INDICO Y PACIFICO;ESP000027578;PLAYA DE RIS;3BI-2-1-14;51.5;AGUAS INTERNACIONALES;2023-04-29;5:0;ESP-TRP-02757820230410022905;2023-04-10;2023-05-15;Port Victoria;Port Victoria;Entero;0,3372;48,68;PS1;Red de cerco con jareta desde una embarcación;NULL;NULL;20.00;20.00;20.00;0
FAL;Tiburón jaquetón;ATUNEROS CERQUEROS CONGELADORES EN OCEANO INDICO Y PACIFICO;ESP000027578;PLAYA DE RIS;3BI-2-1-14;51.5;AGUAS INTERNACIONALES;2023-08-16;9:50;ESP-TRP-02757820230728171200;2023-07-28;2023-08-19;Port Victoria;Port Victoria;Entero;-3,9167;46,35;PS;Cerco con jareta;NULL;NULL;20.00;20.00;20.00;0
FAL;Tiburón jaquetón;ATUNEROS CERQUEROS CONGELADORES EN OCEANO INDICO Y PACIFICO;ESP000027578;PLAYA DE RIS;3BI-2-1-14;51.5;SEYCHELLES;2022-02-19;2:45;ESP-TRP-02757820220218122804;2022-02-18;2022-03-12;Port Victoria;Port Victoria;Entero;NULL;NULL;PS;Cerco con jareta;NULL;NULL;1.52;1.52;1.52;0
FAL;Tiburón jaquetón;ATUNEROS CERQUEROS CONGELADORES EN OCEANO INDICO Y PACIFICO;ESP000027578;PLAYA DE RIS;3BI-2-1-14;51.5;SEYCHELLES;2022-02-19;9:25;ESP-TRP-02757820220218122804;2022-02-18;2022-03-12;Port Victoria;Port Victoria;Entero;NULL;NULL;PS;Cerco con jareta;NULL;NULL;1.52;1.52;1.52;0
FAL;Tiburón jaquetón;ATUNEROS CERQUEROS CONGELADORES EN OCEANO INDICO Y PACIFICO;ESP000027578;PLAYA DE RIS;3BI-2-1-14;51.5;SEYCHELLES;2022-02-20;9:20;ESP-TRP-02757820220218122804;2022-02-18;2022-03-12;Port Victoria;Port Victoria;Entero;NULL;NULL;PS;Cerco con jareta;NULL;NULL;1.52;1.52;1.52;0
FAL;Tiburón jaquetón;ATUNEROS CERQUEROS CONGELADORES EN OCEANO INDICO Y PACIFICO;ESP000027578;PLAYA DE RIS;3BI-2-1-14;51.5;SEYCHELLES;2022-02-21;10:0;ESP-TRP-02757820220218122804;2022-02-18;2022-03-12;Port Victoria;Port Victoria;Entero;NULL;NULL;PS;Cerco con jareta;NULL;NULL;1.52;1.52;1.52;0
FAL;Tiburón jaquetón;ATUNEROS CERQUEROS CONGELADORES EN OCEANO INDICO Y PACIFICO;ESP000027578;PLAYA DE RIS;3BI-2-1-14;51.5;SEYCHELLES;2022-02-21;3:15;ESP-TRP-02757820220218122804;2022-02-18;2022-03-12;Port Victoria;Port Victoria;Entero;NULL;NULL;PS;Cerco con jareta;NULL;NULL;1.52;1.52;1.52;0
FAL;Tiburón jaquetón;ATUNEROS CERQUEROS CONGELADORES EN OCEANO INDICO Y PACIFICO;ESP000027578;PLAYA DE RIS;3BI-2-1-14;51.5;SEYCHELLES;2022-02-24;3:10;ESP-TRP-02757820220218122804;2022-02-18;2022-03-12;Port Victoria;Port Victoria;Entero;NULL;NULL;PS;Cerco con jareta;NULL;NULL;1.52;1.52;1.52;0
FAL;Tiburón jaquetón;ATUNEROS CERQUEROS CONGELADORES EN OCEANO INDICO Y PACIFICO;ESP000027578;PLAYA DE RIS;3BI-2-1-14;51.5;SEYCHELLES;2022-02-24;9:0;ESP-TRP-02757820220218122804;2022-02-18;2022-03-12;Port Victoria;Port Victoria;Entero;NULL;NULL;PS;Cerco con jareta;NULL;NULL;1.52;1.52;1.52;0
FAL;Tiburón jaquetón;ATUNEROS CERQUEROS CONGELADORES EN OCEANO INDICO Y PACIFICO;ESP000027578;PLAYA DE RIS;3BI-2-1-14;51.5;SEYCHELLES;2022-02-26;11:15;ESP-TRP-02757820220218122804;2022-02-18;2022-03-12;Port Victoria;Port Victoria;Entero;NULL;NULL;PS;Cerco con jareta;NULL;NULL;1.52;1.52;1.52;0
FAL;Tiburón jaquetón;ATUNEROS CERQUEROS CONGELADORES EN OCEANO INDICO Y PACIFICO;ESP000027578;PLAYA DE RIS;3BI-2-1-14;51.5;SEYCHELLES;2022-02-27;13:55;ESP-TRP-02757820220218122804;2022-02-18;2022-03-12;Port Victoria;Port Victoria;Entero;NULL;NULL;PS;Cerco con jareta;NULL;NULL;1.52;1.52;1.52;0
FAL;Tiburón jaquetón;ATUNEROS CERQUEROS CONGELADORES EN OCEANO INDICO Y PACIFICO;ESP000027578;PLAYA DE RIS;3BI-2-1-14;51.5;SEYCHELLES;2022-02-27;6:15;ESP-TRP-02757820220218122804;2022-02-18;2022-03-12;Port Victoria;Port Victoria;Entero;NULL;NULL;PS;Cerco con jareta;NULL;NULL;1.52;1.52;1.52;0
FAL;Tiburón jaquetón;ATUNEROS CERQUEROS CONGELADORES EN OCEANO INDICO Y PACIFICO;ESP000027578;PLAYA DE RIS;3BI-2-1-14;51.5;SEYCHELLES;2022-02-28;12:40;ESP-TRP-02757820220218122804;2022-02-18;2022-03-12;Port Victoria;Port Victoria;Entero;NULL;NULL;PS;Cerco con jareta;NULL;NULL;1.52;1.52;1.52;0
FAL;Tiburón jaquetón;ATUNEROS CERQUEROS CONGELADORES EN OCEANO INDICO Y PACIFICO;ESP000027578;PLAYA DE RIS;3BI-2-1-14;51.5;SEYCHELLES;2022-02-28;6:30;ESP-TRP-02757820220218122804;2022-02-18;2022-03-12;Port Victoria;Port Victoria;Entero;NULL;NULL;PS;Cerco con jareta;NULL;NULL;1.52;1.52;1.52;0
FAL;Tiburón jaquetón;ATUNEROS CERQUEROS CONGELADORES EN OCEANO INDICO Y PACIFICO;ESP000027578;PLAYA DE RIS;3BI-2-1-14;51.5;SEYCHELLES;2022-03-01;2:50;ESP-TRP-02757820220218122804;2022-02-18;2022-03-12;Port Victoria;Port Victoria;Entero;NULL;NULL;PS;Cerco con jareta;NULL;NULL;1.52;1.52;1.52;0
FAL;Tiburón jaquetón;ATUNEROS CERQUEROS CONGELADORES EN OCEANO INDICO Y PACIFICO;ESP000027578;PLAYA DE RIS;3BI-2-1-14;51.5;SEYCHELLES;2022-03-02;14:15;ESP-TRP-02757820220218122804;2022-02-18;2022-03-12;Port Victoria;Port Victoria;Entero;NULL;NULL;PS;Cerco con jareta;NULL;NULL;1.52;1.52;1.52;0
FAL;Tiburón jaquetón;ATUNEROS CERQUEROS CONGELADORES EN OCEANO INDICO Y PACIFICO;ESP000027578;PLAYA DE RIS;3BI-2-1-14;51.5;SEYCHELLES;2022-03-02;3:15;ESP-TRP-02757820220218122804;2022-02-18;2022-03-12;Port Victoria;Port Victoria;Entero;NULL;NULL;PS;Cerco con jareta;NULL;NULL;1.52;1.52;1.52;0
FAL;Tiburón jaquetón;ATUNEROS CERQUEROS CONGELADORES EN OCEANO INDICO Y PACIFICO;ESP000027578;PLAYA DE RIS;3BI-2-1-14;51.5;SEYCHELLES;2022-03-03;7:55;ESP-TRP-02757820220218122804;2022-02-18;2022-03-12;Port Victoria;Port Victoria;Entero;NULL;NULL;PS;Cerco con jareta;NULL;NULL;1.52;1.52;1.52;0
FAL;Tiburón jaquetón;ATUNEROS CERQUEROS CONGELADORES EN OCEANO INDICO Y PACIFICO;ESP000027578;PLAYA DE RIS;3BI-2-1-14;51.5;SEYCHELLES;2022-03-04;3:5;ESP-TRP-02757820220218122804;2022-02-18;2022-03-12;Port Victoria;Port Victoria;Entero;NULL;NULL;PS;Cerco con jareta;NULL;NULL;1.52;1.52;1.52;0
FAL;Tiburón jaquetón;ATUNEROS CERQUEROS CONGELADORES EN OCEANO INDICO Y PACIFICO;ESP000027578;PLAYA DE RIS;3BI-2-1-14;51.5;SEYCHELLES;2022-03-20;2:45;ESP-TRP-02757820220317025524;2022-03-17;2022-04-11;Port Victoria;Port Victoria;Entero;-6,7333;50,3667;PS;Cerco con jareta;NULL;NULL;15.00;15.00;15.00;0
FAL;Tiburón jaquetón;ATUNEROS CERQUEROS CONGELADORES EN OCEANO INDICO Y PACIFICO;ESP000027578;PLAYA DE RIS;3BI-2-1-14;51.5;SEYCHELLES;2022-03-29;3:0;ESP-TRP-02757820220317025524;2022-03-17;2022-04-11;Port Victoria;Port Victoria;Entero;-5,7667;49,8333;PS;Cerco con jareta;NULL;NULL;10.00;10.00;10.00;0
FAL;Tiburón jaquetón;ATUNEROS CERQUEROS CONGELADORES EN OCEANO INDICO Y PACIFICO;ESP000027578;PLAYA DE RIS;3BI-2-1-14;51.5;SEYCHELLES;2022-04-29;2:45;ESP-TRP-02757820220414142329;2022-04-14;2022-05-11;Port Victoria;Port Victoria;Entero;-7,5333;49,4667;PS;Cerco con jareta;NULL;NULL;10.00;10.00;10.00;0
FAL;Tiburón jaquetón;ATUNEROS CERQUEROS CONGELADORES EN OCEANO INDICO Y PACIFICO;ESP000027578;PLAYA DE RIS;3BI-2-1-14;51.5;SEYCHELLES;2022-05-10;8:10;ESP-TRP-02757820220414142329;2022-04-14;2022-05-11;Port Victoria;Port Victoria;Entero;-6,75;55,1167;PS;Cerco con jareta;NULL;NULL;10.00;10.00;10.00;0
FAL;Tiburón jaquetón;ATUNEROS CERQUEROS CONGELADORES EN OCEANO INDICO Y PACIFICO;ESP000027578;PLAYA DE RIS;3BI-2-1-14;51.5;TANZANIA,REP UNIDA DE;2023-07-01;4:15;ESP-TRP-02757820230615124923;2023-06-15;2023-07-14;Port Victoria;Port Victoria;Entero;-9,4;41,8833;PS;Cerco con jareta;NULL;NULL;15.00;15.00;15.00;0
FAL;Tiburón jaquetón;ATUNEROS CERQUEROS CONGELADORES EN OCEANO INDICO Y PACIFICO;ESP000027578;PLAYA DE RIS;3BI-2-1-14;51.7;AGUAS INTERNACIONALES;2023-05-25;2:0;ESP-TRP-02757820230519090848;2023-05-19;2023-06-09;Port Victoria;Port Victoria;Entero;-11,4167;63,7;PS1;Red de cerco con jareta desde una embarcación;NULL;NULL;20.00;20.00;20.00;0
FAL;Tiburón jaquetón;PALANGRE DE SUPERFICIE CALADERO NACIONAL;ESP000024186;OLEAJE;3FE-2-5-99;77;AGUAS INTERNACIONALES;2020-11-26;9:0;ESP-TRP-02418620200705212219;2020-07-05;2020-11-29;Vacamonte;Vacamonte;Eviscerado y descabezado;5,8195;-90,8797;LLD;Palangre de superficie;NULL;NULL;203.00;365.40;365.40;0
FAL;Tiburón jaquetón;PALANGRE DE SUPERFICIE CALADERO NACIONAL;ESP000024186;OLEAJE;3FE-2-5-99;77;AGUAS INTERNACIONALES;2021-03-30;23:0;ESP-TRP-02418620210325170214;2021-03-25;2021-06-28;Vacamonte;Vacamonte;Eviscerado y descabezado;5,3355;-91,1707;LLD;Palangre de superficie;NULL;NULL;163.00;293.40;293.40;0
FAL;Tiburón jaquetón;PALANGRE DE SUPERFICIE CALADERO NACIONAL;ESP000024186;OLEAJE;3FE-2-5-99;87.1.4;AGUAS INTERNACIONALES;2020-06-04;23:57;ESP-TRP-02418620200227193621;2020-02-27;2020-06-30;Balboa;Vacamonte;Eviscerado y descabezado;4,3542;-104,8862;LLD;Palangre de superficie;NULL;NULL;50.85;91.53;91.53;0
FAL;Tiburón jaquetón;PALANGRE DE SUPERFICIE CALADERO NACIONAL;ESP000024186;OLEAJE;3FE-2-5-99;87.1.4;AGUAS INTERNACIONALES;2020-06-07;23:15;ESP-TRP-02418620200227193621;2020-02-27;2020-06-30;Balboa;Vacamonte;Eviscerado y descabezado;4,0853;-103,0542;LLD;Palangre de superficie;NULL;NULL;521.36;938.45;938.45;0
FAL;Tiburón jaquetón;PALANGRE DE SUPERFICIE CALADERO NACIONAL;ESP000024186;OLEAJE;3FE-2-5-99;87.1.4;AGUAS INTERNACIONALES;2020-06-08;23:28;ESP-TRP-02418620200227193621;2020-02-27;2020-06-30;Balboa;Vacamonte;Eviscerado y descabezado;3,9942;-102,6872;LLD;Palangre de superficie;NULL;NULL;125.79;226.42;226.42;0
FAL;Tiburón jaquetón;PALANGRE DE SUPERFICIE CALADERO NACIONAL;ESP000024186;OLEAJE;3FE-2-5-99;87.1.4;AGUAS INTERNACIONALES;2020-06-10;21:3;ESP-TRP-02418620200227193621;2020-02-27;2020-06-30;Balboa;Vacamonte;Eviscerado y descabezado;4,202;-102,8735;LLD;Palangre de superficie;NULL;NULL;144.53;260.15;260.15;0
FAL;Tiburón jaquetón;PALANGRE DE SUPERFICIE CALADERO NACIONAL;ESP000024186;OLEAJE;3FE-2-5-99;87.1.4;AGUAS INTERNACIONALES;2020-06-11;23:14;ESP-TRP-02418620200227193621;2020-02-27;2020-06-30;Balboa;Vacamonte;Eviscerado y descabezado;3,8687;-102,6427;LLD;Palangre de superficie;NULL;NULL;140.78;253.40;253.40;0
FAL;Tiburón jaquetón;PALANGRE DE SUPERFICIE CALADERO NACIONAL;ESP000024186;OLEAJE;3FE-2-5-99;87.1.4;AGUAS INTERNACIONALES;2020-06-13;23:22;ESP-TRP-02418620200227193621;2020-02-27;2020-06-30;Balboa;Vacamonte;Eviscerado y descabezado;4,2868;-101,8875;LLD;Palangre de superficie;NULL;NULL;55.67;100.21;100.21;0
FAL;Tiburón jaquetón;PALANGRE DE SUPERFICIE CALADERO NACIONAL;ESP000024186;OLEAJE;3FE-2-5-99;87.1.4;AGUAS INTERNACIONALES;2020-06-14;22:52;ESP-TRP-02418620200227193621;2020-02-27;2020-06-30;Balboa;Vacamonte;Eviscerado y descabezado;4,4538;-101,2825;LLD;Palangre de superficie;NULL;NULL;369.34;664.81;664.81;0
FAL;Tiburón jaquetón;PALANGRE DE SUPERFICIE CALADERO NACIONAL;ESP000024186;OLEAJE;3FE-2-5-99;87.1.4;AGUAS INTERNACIONALES;2020-06-16;21:44;ESP-TRP-02418620200227193621;2020-02-27;2020-06-30;Balboa;Vacamonte;Eviscerado y descabezado;4,9667;-101,3395;LLD;Palangre de superficie;NULL;NULL;361.85;651.33;651.33;0
FAL;Tiburón jaquetón;PALANGRE DE SUPERFICIE CALADERO NACIONAL;ESP000024186;OLEAJE;3FE-2-5-99;87.1.4;AGUAS INTERNACIONALES;2020-06-17;22:10;ESP-TRP-02418620200227193621;2020-02-27;2020-06-30;Balboa;Vacamonte;Eviscerado y descabezado;4,9667;-101,1872;LLD;Palangre de superficie;NULL;NULL;63.16;113.69;113.69;0
FAL;Tiburón jaquetón;PALANGRE DE SUPERFICIE CALADERO NACIONAL;ESP000024186;OLEAJE;3FE-2-5-99;87.1.4;AGUAS INTERNACIONALES;2020-06-19;23:55;ESP-TRP-02418620200227193621;2020-02-27;2020-06-30;Balboa;Vacamonte;Eviscerado y descabezado;4,9685;-101,209;LLD;Palangre de superficie;NULL;NULL;678.21;1220.78;1220.78;0
FAL;Tiburón jaquetón;PALANGRE DE SUPERFICIE CALADERO NACIONAL;ESP000024186;OLEAJE;3FE-2-5-99;87.1.4;AGUAS INTERNACIONALES;2020-06-20;23:12;ESP-TRP-02418620200227193621;2020-02-27;2020-06-30;Balboa;Vacamonte;Eviscerado y descabezado;4,8853;-101,4575;LLD;Palangre de superficie;NULL;NULL;61.56;110.81;110.81;0
FAL;Tiburón jaquetón;PALANGRE DE SUPERFICIE CALADERO NACIONAL;ESP000024186;OLEAJE;3FE-2-5-99;87.1.4;AGUAS INTERNACIONALES;2020-06-22;23:1;ESP-TRP-02418620200227193621;2020-02-27;2020-06-30;Balboa;Vacamonte;Eviscerado y descabezado;4,743;-101,142;LLD;Palangre de superficie;NULL;NULL;238.20;428.76;428.76;0
FAL;Tiburón jaquetón;PALANGRE DE SUPERFICIE CALADERO NACIONAL;ESP000024186;OLEAJE;3FE-2-5-99;87.1.4;AGUAS INTERNACIONALES;2020-06-23;7:0;ESP-TRP-02418620200227193621;2020-02-27;2020-06-30;Balboa;Vacamonte;Eviscerado y descabezado;4,9758;-101,1492;LLD;Palangre de superficie;NULL;NULL;63.70;114.66;114.66;0
FAL;Tiburón jaquetón;PALANGRE DE SUPERFICIE CALADERO NACIONAL;ESP000024186;OLEAJE;3FE-2-5-99;87.1.4;AGUAS INTERNACIONALES;2020-08-12;23:30;ESP-TRP-02418620200705212219;2020-07-05;2020-11-29;Vacamonte;Vacamonte;Eviscerado y descabezado;-12,6763;-108,4573;LLD;Palangre de superficie;NULL;NULL;802.76;1444.97;1444.97;0
FAL;Tiburón jaquetón;PALANGRE DE SUPERFICIE CALADERO NACIONAL;ESP000024186;OLEAJE;3FE-2-5-99;87.1.4;AGUAS INTERNACIONALES;2020-10-22;6:0;ESP-TRP-02418620200705212219;2020-07-05;2020-11-29;Vacamonte;Vacamonte;Eviscerado y descabezado;-18,1873;-109,9482;LLD;Palangre de superficie;NULL;NULL;221.24;398.23;398.23;0
FAL;Tiburón jaquetón;PALANGRE DE SUPERFICIE CALADERO NACIONAL;ESP000024186;OLEAJE;3FE-2-5-99;87.1.4;AGUAS INTERNACIONALES;2021-04-06;6:0;ESP-TRP-02418620210325170214;2021-03-25;2021-06-28;Vacamonte;Vacamonte;Eviscerado y descabezado;-12,2203;-93,6535;LLD;Palangre de superficie;NULL;NULL;301.31;542.36;542.36;0
FAL;Tiburón jaquetón;PALANGRE DE SUPERFICIE CALADERO NACIONAL;ESP000024186;OLEAJE;3FE-2-5-99;87.1.4;AGUAS INTERNACIONALES;2021-04-08;6:0;ESP-TRP-02418620210325170214;2021-03-25;2021-06-28;Vacamonte;Vacamonte;Eviscerado y descabezado;-14,3505;-93,162;LLD;Palangre de superficie;NULL;NULL;155.81;280.46;280.46;0
FAL;Tiburón jaquetón;PALANGRE DE SUPERFICIE CALADERO NACIONAL;ESP000024186;OLEAJE;3FE-2-5-99;87.1.4;AGUAS INTERNACIONALES;2021-04-18;22:53;ESP-TRP-02418620210325170214;2021-03-25;2021-06-28;Vacamonte;Vacamonte;Eviscerado y descabezado;-14,9983;-94,1825;LLD;Palangre de superficie;NULL;NULL;69.88;125.78;125.78;0
FAL;Tiburón jaquetón;PALANGRE DE SUPERFICIE CALADERO NACIONAL;ESP000024186;OLEAJE;3FE-2-5-99;87.2.6;AGUAS INTERNACIONALES;2020-10-23;6:0;ESP-TRP-02418620200705212219;2020-07-05;2020-11-29;Vacamonte;Vacamonte;Eviscerado y descabezado;-18,7375;-110,031;LLD;Palangre de superficie;NULL;NULL;101.41;182.54;182.54;0
FAL;Tiburón jaquetón;PALANGRE DE SUPERFICIE CALADERO NACIONAL;ESP000024186;OLEAJE;3FE-2-5-99;87.2.6;AGUAS INTERNACIONALES;2020-10-24;6:0;ESP-TRP-02418620200705212219;2020-07-05;2020-11-29;Vacamonte;Vacamonte;Eviscerado y descabezado;-18,8263;-109,7848;LLD;Palangre de superficie;NULL;NULL;846.76;1524.16;1524.16;0
FAL;Tiburón jaquetón;PALANGRE DE SUPERFICIE CALADERO NACIONAL;ESP000024186;OLEAJE;3FE-2-5-99;87.2.6;AGUAS INTERNACIONALES;2020-10-26;6:0;ESP-TRP-02418620200705212219;2020-07-05;2020-11-29;Vacamonte;Vacamonte;Eviscerado y descabezado;-18,791;-108,9242;LLD;Palangre de superficie;NULL;NULL;424.79;764.62;764.62;0
FAL;Tiburón jaquetón;PALANGRE DE SUPERFICIE CALADERO NACIONAL;ESP000024186;OLEAJE;3FE-2-5-99;87.2.6;AGUAS INTERNACIONALES;2020-10-27;6:0;ESP-TRP-02418620200705212219;2020-07-05;2020-11-29;Vacamonte;Vacamonte;Eviscerado y descabezado;-18,6883;-108,7702;LLD;Palangre de superficie;NULL;NULL;207.32;373.18;373.18;0
FAL;Tiburón jaquetón;PALANGRE DE SUPERFICIE CALADERO NACIONAL;ESP000024186;OLEAJE;3FE-2-5-99;87.2.6;AGUAS INTERNACIONALES;2020-10-28;6:0;ESP-TRP-02418620200705212219;2020-07-05;2020-11-29;Vacamonte;Vacamonte;Eviscerado y descabezado;-18,6973;-108,779;LLD;Palangre de superficie;NULL;NULL;259.72;467.50;467.50;0
FAL;Tiburón jaquetón;PALANGRE DE SUPERFICIE EN AGUAS INTERNACIONALES;ESP000022405;FRANIVAN;3CU-1-1-92;51.6;AGUAS INTERNACIONALES;2018-06-19;14:0;EA6754-20180606052352K;2018-06-06;2018-08-17;Durban;Durban;Eviscerado y descabezado;-28,9;42,3667;LLD;Palangre de superficie;NULL;NULL;43.90;90.00;90.00;0
FAL;Tiburón jaquetón;PALANGRE DE SUPERFICIE EN AGUAS INTERNACIONALES;ESP000022405;FRANIVAN;3CU-1-1-92;51.6;AGUAS INTERNACIONALES;2018-06-20;14:50;EA6754-20180606052352K;2018-06-06;2018-08-17;Durban;Durban;Eviscerado y descabezado;-28,7;42,2;LLD;Palangre de superficie;NULL;NULL;43.90;90.00;90.00;0
FAL;Tiburón jaquetón;PALANGRE DE SUPERFICIE EN AGUAS INTERNACIONALES;ESP000022405;FRANIVAN;3CU-1-1-92;51.6;AGUAS INTERNACIONALES;2018-06-23;13:50;EA6754-20180606052352K;2018-06-06;2018-08-17;Durban;Durban;Eviscerado y descabezado;-29,0333;42,6833;LLD;Palangre de superficie;NULL;NULL;146.33;299.98;299.98;0
FAL;Tiburón jaquetón;PALANGRE DE SUPERFICIE EN AGUAS INTERNACIONALES;ESP000022405;FRANIVAN;3CU-1-1-92;51.6;AGUAS INTERNACIONALES;2018-06-26;15:15;EA6754-20180606052352K;2018-06-06;2018-08-17;Durban;Durban;Eviscerado y descabezado;-28,9667;42,0167;LLD;Palangre de superficie;NULL;NULL;156.09;319.98;319.98;0
FAL;Tiburón jaquetón;PALANGRE DE SUPERFICIE EN AGUAS INTERNACIONALES;ESP000022405;FRANIVAN;3CU-1-1-92;51.6;AGUAS INTERNACIONALES;2018-06-28;15:15;EA6754-20180606052352K;2018-06-06;2018-08-17;Durban;Durban;Eviscerado y descabezado;-28,8333;42;LLD;Palangre de superficie;NULL;NULL;51.22;105.00;105.00;0
FAL;Tiburón jaquetón;PALANGRE DE SUPERFICIE EN AGUAS INTERNACIONALES;ESP000022405;FRANIVAN;3CU-1-1-92;51.6;AGUAS INTERNACIONALES;2018-07-01;14:30;EA6754-20180606052352K;2018-06-06;2018-08-17;Durban;Durban;Eviscerado y descabezado;-29,8;44,1167;LLD;Palangre de superficie;NULL;NULL;39.02;79.99;79.99;0
FAL;Tiburón jaquetón;PALANGRE DE SUPERFICIE EN AGUAS INTERNACIONALES;ESP000022405;FRANIVAN;3CU-1-1-92;51.6;AGUAS INTERNACIONALES;2018-07-04;12:30;EA6754-20180606052352K;2018-06-06;2018-08-17;Durban;Durban;Eviscerado y descabezado;-28,8333;40,6;LLD;Palangre de superficie;NULL;NULL;58.54;120.00;120.00;0
FAL;Tiburón jaquetón;PALANGRE DE SUPERFICIE EN AGUAS INTERNACIONALES;ESP000022405;FRANIVAN;3CU-1-1-92;51.6;AGUAS INTERNACIONALES;2018-11-24;13:45;ESP-TRP-02240520181115065759;2018-11-15;2018-12-12;Durban;Durban;Eviscerado y descabezado;-29,4833;45,5833;LLD;Palangre de superficie;NULL;NULL;142.94;293.03;293.03;0
FAL;Tiburón jaquetón;PALANGRE DE SUPERFICIE EN AGUAS INTERNACIONALES;ESP000022405;FRANIVAN;3CU-1-1-92;51.6;AGUAS INTERNACIONALES;2018-11-26;13:45;ESP-TRP-02240520181115065759;2018-11-15;2018-12-12;Durban;Durban;Eviscerado y descabezado;-29,4333;44,4833;LLD;Palangre de superficie;NULL;NULL;70.89;145.32;145.32;0
FAL;Tiburón jaquetón;PALANGRE DE SUPERFICIE EN AGUAS INTERNACIONALES;ESP000022405;FRANIVAN;3CU-1-1-92;51.6;AGUAS INTERNACIONALES;2018-11-30;11:5;ESP-TRP-02240520181115065759;2018-11-15;2018-12-12;Durban;Durban;Eviscerado y descabezado;-27,2333;40,2667;LLD;Palangre de superficie;NULL;NULL;166.17;340.65;340.65;0
FAL;Tiburón jaquetón;PALANGRE DE SUPERFICIE EN AGUAS INTERNACIONALES;ESP000022405;FRANIVAN;3CU-1-1-92;51.8;AGUAS INTERNACIONALES;2018-06-11;17:0;EA6754-20180606052352K;2018-06-06;2018-08-17;Durban;Durban;Eviscerado y descabezado;-28,9167;38,55;LLD;Palangre de superficie;NULL;NULL;31.70;64.98;64.98;0
FAL;Tiburón jaquetón;PALANGRE DE SUPERFICIE EN AGUAS INTERNACIONALES;ESP000022405;FRANIVAN;3CU-1-1-92;51.8;AGUAS INTERNACIONALES;2018-06-13;12:50;EA6754-20180606052352K;2018-06-06;2018-08-17;Durban;Durban;Eviscerado y descabezado;-27,7667;39,4167;LLD;Palangre de superficie;NULL;NULL;24.87;50.98;50.98;0
FAL;Tiburón jaquetón;PALANGRE DE SUPERFICIE EN AGUAS INTERNACIONALES;ESP000022405;FRANIVAN;3CU-1-1-92;51.8;AGUAS INTERNACIONALES;2018-06-14;12:50;EA6754-20180606052352K;2018-06-06;2018-08-17;Durban;Durban;Eviscerado y descabezado;-28,5833;39,0667;LLD;Palangre de superficie;NULL;NULL;46.33;94.98;94.98;0
FAL;Tiburón jaquetón;PALANGRE DE SUPERFICIE EN AGUAS INTERNACIONALES;ESP000022405;FRANIVAN;3CU-1-1-92;51.8;AGUAS INTERNACIONALES;2018-07-05;14:0;EA6754-20180606052352K;2018-06-06;2018-08-17;Durban;Durban;Eviscerado y descabezado;-28,7667;39,2667;LLD;Palangre de superficie;NULL;NULL;51.21;104.98;104.98;0
FAL;Tiburón jaquetón;PALANGRE DE SUPERFICIE EN AGUAS INTERNACIONALES;ESP000022405;FRANIVAN;3CU-1-1-92;51.8;AGUAS INTERNACIONALES;2018-07-06;13:35;EA6754-20180606052352K;2018-06-06;2018-08-17;Durban;Durban;Eviscerado y descabezado;-28,5333;39,3667;LLD;Palangre de superficie;NULL;NULL;9.75;19.99;19.99;0
FAL;Tiburón jaquetón;PALANGRE DE SUPERFICIE EN AGUAS INTERNACIONALES;ESP000022405;FRANIVAN;3CU-1-1-92;51.8;AGUAS INTERNACIONALES;2018-07-17;13:10;EA6754-20180606052352K;2018-06-06;2018-08-17;Durban;Durban;Eviscerado y descabezado;-31,8;35;LLD;Palangre de superficie;NULL;NULL;63.41;129.99;129.99;0
FAL;Tiburón jaquetón;PALANGRE DE SUPERFICIE EN AGUAS INTERNACIONALES;ESP000022405;FRANIVAN;3CU-1-1-92;51.8;AGUAS INTERNACIONALES;2018-07-18;14:0;EA6754-20180606052352K;2018-06-06;2018-08-17;Durban;Durban;Eviscerado y descabezado;-31,8333;34,4;LLD;Palangre de superficie;NULL;NULL;48.77;99.98;99.98;0
FAL;Tiburón jaquetón;PALANGRE DE SUPERFICIE EN AGUAS INTERNACIONALES;ESP000022405;FRANIVAN;3CU-1-1-92;51.8;AGUAS INTERNACIONALES;2018-08-03;13:40;EA6754-20180606052352K;2018-06-06;2018-08-17;Durban;Durban;Eviscerado y descabezado;-29,2;38,8667;LLD;Palangre de superficie;NULL;NULL;29.26;59.98;59.98;0
FAL;Tiburón jaquetón;PALANGRE DE SUPERFICIE EN AGUAS INTERNACIONALES;ESP000022405;FRANIVAN;3CU-1-1-92;51.8;AGUAS INTERNACIONALES;2018-08-04;14:50;EA6754-20180606052352K;2018-06-06;2018-08-17;Durban;Durban;Eviscerado y descabezado;-28,8333;39,45;LLD;Palangre de superficie;NULL;NULL;58.53;119.99;119.99;0
FAL;Tiburón jaquetón;PALANGRE DE SUPERFICIE EN AGUAS INTERNACIONALES;ESP000022405;FRANIVAN;3CU-1-1-92;51.8;AGUAS INTERNACIONALES;2018-08-06;12:21;EA6754-20180606052352K;2018-06-06;2018-08-17;Durban;Durban;Eviscerado y descabezado;-27,3;39,1667;LLD;Palangre de superficie;NULL;NULL;24.39;50.00;50.00;0
FAL;Tiburón jaquetón;PALANGRE DE SUPERFICIE EN AGUAS INTERNACIONALES;ESP000022405;FRANIVAN;3CU-1-1-92;51.8;AGUAS INTERNACIONALES;2018-08-10;12:40;EA6754-20180606052352K;2018-06-06;2018-08-17;Durban;Durban;Eviscerado y descabezado;-27,45;37,45;LLD;Palangre de superficie;NULL;NULL;243.87;499.93;499.93;0
FAL;Tiburón jaquetón;PALANGRE DE SUPERFICIE EN AGUAS INTERNACIONALES;ESP000022405;FRANIVAN;3CU-1-1-92;51.8;AGUAS INTERNACIONALES;2018-08-13;14:24;EA6754-20180606052352K;2018-06-06;2018-08-17;Durban;Durban;Eviscerado y descabezado;-28,2667;36,6667;LLD;Palangre de superficie;NULL;NULL;43.91;90.02;90.02;0
FAL;Tiburón jaquetón;PALANGRE DE SUPERFICIE EN AGUAS INTERNACIONALES;ESP000022405;FRANIVAN;3CU-1-1-92;51.8;AGUAS INTERNACIONALES;2018-11-18;12:0;ESP-TRP-02240520181115065759;2018-11-15;2018-12-12;Durban;Durban;Eviscerado y descabezado;-30,8833;37,3333;LLD;Palangre de superficie;NULL;NULL;39.01;79.97;79.97;0
FAL;Tiburón jaquetón;PALANGRE DE SUPERFICIE EN AGUAS INTERNACIONALES;ESP000022405;FRANIVAN;3CU-1-1-92;51.8;AGUAS INTERNACIONALES;2018-12-03;11:5;ESP-TRP-02240520181115065759;2018-11-15;2018-12-12;Durban;Durban;Eviscerado y descabezado;-27,2833;39,9833;LLD;Palangre de superficie;NULL;NULL;19.99;40.98;40.98;0
FAL;Tiburón jaquetón;PALANGRE DE SUPERFICIE EN AGUAS INTERNACIONALES;ESP000022405;FRANIVAN;3CU-1-1-92;51.8;AGUAS INTERNACIONALES;2019-02-26;14:15;ESP-TRP-02240520190219071855;2019-02-19;2019-04-18;Durban;Durban;Eviscerado y descabezado;-32,6833;36,1167;LLD;Palangre de superficie;NULL;NULL;80.00;164.00;164.00;0
FAL;Tiburón jaquetón;PALANGRE DE SUPERFICIE EN AGUAS INTERNACIONALES;ESP000022405;FRANIVAN;3CU-1-1-92;51.8;AGUAS INTERNACIONALES;2019-03-06;14:4;ESP-TRP-02240520190219071855;2019-02-19;2019-04-18;Durban;Durban;Eviscerado y descabezado;-32,5667;37,0333;LLD;Palangre de superficie;NULL;NULL;20.00;41.00;41.00;0
FAL;Tiburón jaquetón;PALANGRE DE SUPERFICIE EN AGUAS INTERNACIONALES;ESP000022405;FRANIVAN;3CU-1-1-92;51.8;AGUAS INTERNACIONALES;2019-04-27;12:17;ESP-TRP-02240520190425061141;2019-04-25;2019-07-04;Durban;Durban;Eviscerado y descabezado;-28,75;37,3333;LLD;Palangre de superficie;NULL;NULL;29.74;60.97;60.97;0
FAL;Tiburón jaquetón;PALANGRE DE SUPERFICIE EN AGUAS INTERNACIONALES;ESP000022405;FRANIVAN;3CU-1-1-92;51.8;AGUAS INTERNACIONALES;2019-05-01;13:40;ESP-TRP-02240520190425061141;2019-04-25;2019-07-04;Durban;Durban;Eviscerado y descabezado;-29,25;36,9;LLD;Palangre de superficie;NULL;NULL;40.95;83.95;83.95;0
FAL;Tiburón jaquetón;PALANGRE DE SUPERFICIE EN AGUAS INTERNACIONALES;ESP000022405;FRANIVAN;3CU-1-1-92;51.8;AGUAS INTERNACIONALES;2019-05-02;12:35;ESP-TRP-02240520190425061141;2019-04-25;2019-07-04;Durban;Durban;Eviscerado y descabezado;-29,4833;36,7667;LLD;Palangre de superficie;NULL;NULL;19.99;40.98;40.98;0
FAL;Tiburón jaquetón;PALANGRE DE SUPERFICIE EN AGUAS INTERNACIONALES;ESP000022405;FRANIVAN;3CU-1-1-92;51.8;AGUAS INTERNACIONALES;2019-05-03;13:35;ESP-TRP-02240520190425061141;2019-04-25;2019-07-04;Durban;Durban;Eviscerado y descabezado;-29,15;37,6333;LLD;Palangre de superficie;NULL;NULL;59.96;122.92;122.92;0
FAL;Tiburón jaquetón;PALANGRE DE SUPERFICIE EN AGUAS INTERNACIONALES;ESP000022405;FRANIVAN;3CU-1-1-92;51.8;AGUAS INTERNACIONALES;2019-05-04;14:10;ESP-TRP-02240520190425061141;2019-04-25;2019-07-04;Durban;Durban;Eviscerado y descabezado;-28,5;38,1167;LLD;Palangre de superficie;NULL;NULL;24.86;50.96;50.96;0
FAL;Tiburón jaquetón;PALANGRE DE SUPERFICIE EN AGUAS INTERNACIONALES;ESP000022405;FRANIVAN;3CU-1-1-92;51.8;AGUAS INTERNACIONALES;2019-05-06;14:10;ESP-TRP-02240520190425061141;2019-04-25;2019-07-04;Durban;Durban;Eviscerado y descabezado;-27,8167;38,3;LLD;Palangre de superficie;NULL;NULL;15.60;31.98;31.98;0
FAL;Tiburón jaquetón;PALANGRE DE SUPERFICIE EN AGUAS INTERNACIONALES;ESP000022405;FRANIVAN;3CU-1-1-92;51.8;AGUAS INTERNACIONALES;2019-05-07;13:25;ESP-TRP-02240520190425061141;2019-04-25;2019-07-04;Durban;Durban;Eviscerado y descabezado;-28,3667;37,7333;LLD;Palangre de superficie;NULL;NULL;69.70;142.88;142.88;0
FAL;Tiburón jaquetón;PALANGRE DE SUPERFICIE EN AGUAS INTERNACIONALES;ESP000022405;FRANIVAN;3CU-1-1-92;51.8;AGUAS INTERNACIONALES;2019-05-08;11:5;ESP-TRP-02240520190425061141;2019-04-25;2019-07-04;Durban;Durban;Eviscerado y descabezado;-29,05;36,7333;LLD;Palangre de superficie;NULL;NULL;14.62;29.97;29.97;0
FAL;Tiburón jaquetón;PALANGRE DE SUPERFICIE EN AGUAS INTERNACIONALES;ESP000022405;FRANIVAN;3CU-1-1-92;51.8;AGUAS INTERNACIONALES;2019-05-09;14:25;ESP-TRP-02240520190425061141;2019-04-25;2019-07-04;Durban;Durban;Eviscerado y descabezado;-29,5167;37,3667;LLD;Palangre de superficie;NULL;NULL;9.75;19.99;19.99;0
FAL;Tiburón jaquetón;PALANGRE DE SUPERFICIE EN AGUAS INTERNACIONALES;ESP000022405;FRANIVAN;3CU-1-1-92;51.8;AGUAS INTERNACIONALES;2019-05-10;13:55;ESP-TRP-02240520190425061141;2019-04-25;2019-07-04;Durban;Durban;Eviscerado y descabezado;-30,15;36,7333;LLD;Palangre de superficie;NULL;NULL;24.86;50.96;50.96;0
FAL;Tiburón jaquetón;PALANGRE DE SUPERFICIE EN AGUAS INTERNACIONALES;ESP000022405;FRANIVAN;3CU-1-1-92;51.8;AGUAS INTERNACIONALES;2019-05-11;13:45;ESP-TRP-02240520190425061141;2019-04-25;2019-07-04;Durban;Durban;Eviscerado y descabezado;-30,1667;36,2167;LLD;Palangre de superficie;NULL;NULL;39.97;81.94;81.94;0
FAL;Tiburón jaquetón;PALANGRE DE SUPERFICIE EN AGUAS INTERNACIONALES;ESP000025873;MARGUEL;3VI-7-11-03;51.6;AGUAS INTERNACIONALES;2018-07-14;12:50;ECFB-20180603114659Q;2018-06-03;2018-08-30;Durban;Durban;Eviscerado y descabezado;-29,55;44,4167;LLD;Palangre de superficie;NULL;NULL;101.88;208.86;208.86;0
FAL;Tiburón jaquetón;PALANGRE DE SUPERFICIE EN AGUAS INTERNACIONALES;ESP000025873;MARGUEL;3VI-7-11-03;51.6;AGUAS INTERNACIONALES;2018-07-15;12:35;ECFB-20180603114659Q;2018-06-03;2018-08-30;Durban;Durban;Eviscerado y descabezado;-29,4;44,2667;LLD;Palangre de superficie;NULL;NULL;50.21;102.93;102.93;0
FAL;Tiburón jaquetón;PALANGRE DE SUPERFICIE EN AGUAS INTERNACIONALES;ESP000025873;MARGUEL;3VI-7-11-03;51.6;AGUAS INTERNACIONALES;2018-07-18;14:25;ECFB-20180603114659Q;2018-06-03;2018-08-30;Durban;Durban;Eviscerado y descabezado;-29,6167;42,8667;LLD;Palangre de superficie;NULL;NULL;58.01;118.92;118.92;0
FAL;Tiburón jaquetón;PALANGRE DE SUPERFICIE EN AGUAS INTERNACIONALES;ESP000025873;MARGUEL;3VI-7-11-03;51.6;AGUAS INTERNACIONALES;2018-07-23;13:40;ECFB-20180603114659Q;2018-06-03;2018-08-30;Durban;Durban;Eviscerado y descabezado;-29,6333;43,8;LLD;Palangre de superficie;NULL;NULL;55.08;112.91;112.91;0
FAL;Tiburón jaquetón;PALANGRE DE SUPERFICIE EN AGUAS INTERNACIONALES;ESP000025873;MARGUEL;3VI-7-11-03;51.6;AGUAS INTERNACIONALES;2018-07-27;14:0;ECFB-20180603114659Q;2018-06-03;2018-08-30;Durban;Durban;Eviscerado y descabezado;-29,1667;43,5667;LLD;Palangre de superficie;NULL;NULL;58.01;118.92;118.92;0
FAL;Tiburón jaquetón;PALANGRE DE SUPERFICIE EN AGUAS INTERNACIONALES;ESP000025873;MARGUEL;3VI-7-11-03;51.6;AGUAS INTERNACIONALES;2018-07-30;14:15;ECFB-20180603114659Q;2018-06-03;2018-08-30;Durban;Durban;Eviscerado y descabezado;-28,9;43,3833;LLD;Palangre de superficie;NULL;NULL;50.21;102.93;102.93;0
FAL;Tiburón jaquetón;PALANGRE DE SUPERFICIE EN AGUAS INTERNACIONALES;ESP000025873;MARGUEL;3VI-7-11-03;51.6;AGUAS INTERNACIONALES;2018-07-31;13:30;ECFB-20180603114659Q;2018-06-03;2018-08-30;Durban;Durban;Eviscerado y descabezado;-28,9333;43,5;LLD;Palangre de superficie;NULL;NULL;46.80;95.94;95.94;0
FAL;Tiburón jaquetón;PALANGRE DE SUPERFICIE EN AGUAS INTERNACIONALES;ESP000025873;MARGUEL;3VI-7-11-03;51.6;AGUAS INTERNACIONALES;2018-08-05;15:10;ECFB-20180603114659Q;2018-06-03;2018-08-30;Durban;Durban;Eviscerado y descabezado;-28,8833;43,9167;LLD;Palangre de superficie;NULL;NULL;46.80;95.94;95.94;0
FAL;Tiburón jaquetón;PALANGRE DE SUPERFICIE EN AGUAS INTERNACIONALES;ESP000025873;MARGUEL;3VI-7-11-03;51.6;AGUAS INTERNACIONALES;2018-10-05;14:35;ECFB-20180906072528U;2018-09-06;2018-12-07;Durban;Durban;Eviscerado y descabezado;-28,9812;47,4552;LLD;Palangre de superficie;NULL;NULL;18.84;38.62;38.62;0
FAL;Tiburón jaquetón;PALANGRE DE SUPERFICIE EN AGUAS INTERNACIONALES;ESP000025873;MARGUEL;3VI-7-11-03;51.6;AGUAS INTERNACIONALES;2018-10-06;14:30;ECFB-20180906072528U;2018-09-06;2018-12-07;Durban;Durban;Eviscerado y descabezado;-29,1572;47,532;LLD;Palangre de superficie;NULL;NULL;41.53;85.14;85.14;0
FAL;Tiburón jaquetón;PALANGRE DE SUPERFICIE EN AGUAS INTERNACIONALES;ESP000025873;MARGUEL;3VI-7-11-03;51.6;AGUAS INTERNACIONALES;2018-10-08;15:35;ECFB-20180906072528U;2018-09-06;2018-12-07;Durban;Durban;Eviscerado y descabezado;-29,0835;48,5948;LLD;Palangre de superficie;NULL;NULL;10.63;21.79;21.79;0
FAL;Tiburón jaquetón;PALANGRE DE SUPERFICIE EN AGUAS INTERNACIONALES;ESP000025873;MARGUEL;3VI-7-11-03;51.7;AGUAS INTERNACIONALES;2018-07-03;14:30;ECFB-20180603114659Q;2018-06-03;2018-08-30;Durban;Durban;Eviscerado y descabezado;-30,0167;41,8667;LLD;Palangre de superficie;NULL;NULL;55.01;112.77;112.77;0
FAL;Tiburón jaquetón;PALANGRE DE SUPERFICIE EN AGUAS INTERNACIONALES;ESP000025873;MARGUEL;3VI-7-11-03;51.7;AGUAS INTERNACIONALES;2018-07-04;16:48;ECFB-20180603114659Q;2018-06-03;2018-08-30;Durban;Durban;Eviscerado y descabezado;-30,5833;42,65;LLD;Palangre de superficie;NULL;NULL;55.01;112.77;112.77;0
FAL;Tiburón jaquetón;PALANGRE DE SUPERFICIE EN AGUAS INTERNACIONALES;ESP000025873;MARGUEL;3VI-7-11-03;51.7;AGUAS INTERNACIONALES;2018-07-05;15:5;ECFB-20180603114659Q;2018-06-03;2018-08-30;Durban;Durban;Eviscerado y descabezado;-30,3833;41,8167;LLD;Palangre de superficie;NULL;NULL;50.14;102.79;102.79;0
FAL;Tiburón jaquetón;PALANGRE DE SUPERFICIE EN AGUAS INTERNACIONALES;ESP000025873;MARGUEL;3VI-7-11-03;51.7;AGUAS INTERNACIONALES;2018-07-06;14:5;ECFB-20180603114659Q;2018-06-03;2018-08-30;Durban;Durban;Eviscerado y descabezado;-30,35;41,9;LLD;Palangre de superficie;NULL;NULL;99.78;204.54;204.54;0
FAL;Tiburón jaquetón;PALANGRE DE SUPERFICIE EN AGUAS INTERNACIONALES;ESP000025873;MARGUEL;3VI-7-11-03;51.7;AGUAS INTERNACIONALES;2018-07-09;15:35;ECFB-20180603114659Q;2018-06-03;2018-08-30;Durban;Durban;Eviscerado y descabezado;-31,0333;44,7333;LLD;Palangre de superficie;NULL;NULL;50.14;102.79;102.79;0
FAL;Tiburón jaquetón;PALANGRE DE SUPERFICIE EN AGUAS INTERNACIONALES;ESP000025873;MARGUEL;3VI-7-11-03;51.7;AGUAS INTERNACIONALES;2018-07-10;13:5;ECFB-20180603114659Q;2018-06-03;2018-08-30;Durban;Durban;Eviscerado y descabezado;-31,0167;44,1;LLD;Palangre de superficie;NULL;NULL;94.92;194.59;194.59;0
FAL;Tiburón jaquetón;PALANGRE DE SUPERFICIE EN AGUAS INTERNACIONALES;ESP000025873;MARGUEL;3VI-7-11-03;51.8;AGUAS INTERNACIONALES;2018-04-04;12:32;ECFB-20180301133044A;2018-03-01;2018-05-29;Mindelo;Durban;Eviscerado y descabezado;-34,55;32,3;LLD;Palangre de superficie;NULL;NULL;102.95;211.05;211.05;0
FAL;Tiburón jaquetón;PALANGRE DE SUPERFICIE EN AGUAS INTERNACIONALES;ESP000025873;MARGUEL;3VI-7-11-03;51.8;AGUAS INTERNACIONALES;2018-04-07;13:16;ECFB-20180301133044A;2018-03-01;2018-05-29;Mindelo;Durban;Eviscerado y descabezado;-34,7833;32,148;LLD;Palangre de superficie;NULL;NULL;46.85;96.04;96.04;0
FAL;Tiburón jaquetón;PALANGRE DE SUPERFICIE EN AGUAS INTERNACIONALES;ESP000025873;MARGUEL;3VI-7-11-03;51.8;AGUAS INTERNACIONALES;2018-04-18;13:41;ECFB-20180301133044A;2018-03-01;2018-05-29;Mindelo;Durban;Eviscerado y descabezado;-32,55;35,8;LLD;Palangre de superficie;NULL;NULL;50.26;103.03;103.03;0
FAL;Tiburón jaquetón;PALANGRE DE SUPERFICIE EN AGUAS INTERNACIONALES;ESP000025873;MARGUEL;3VI-7-11-03;51.8;AGUAS INTERNACIONALES;2018-04-20;13:55;ECFB-20180301133044A;2018-03-01;2018-05-29;Mindelo;Durban;Eviscerado y descabezado;-32,7333;34,45;LLD;Palangre de superficie;NULL;NULL;58.07;119.04;119.04;0
FAL;Tiburón jaquetón;PALANGRE DE SUPERFICIE EN AGUAS INTERNACIONALES;ESP000025873;MARGUEL;3VI-7-11-03;51.8;AGUAS INTERNACIONALES;2018-04-21;11:49;ECFB-20180301133044A;2018-03-01;2018-05-29;Mindelo;Durban;Eviscerado y descabezado;-32,9667;35,3667;LLD;Palangre de superficie;NULL;NULL;53.19;109.04;109.04;0
FAL;Tiburón jaquetón;PALANGRE DE SUPERFICIE EN AGUAS INTERNACIONALES;ESP000025873;MARGUEL;3VI-7-11-03;51.8;AGUAS INTERNACIONALES;2018-04-23;12:52;ECFB-20180301133044A;2018-03-01;2018-05-29;Mindelo;Durban;Eviscerado y descabezado;-32,6167;34,4167;LLD;Palangre de superficie;NULL;NULL;21.96;45.02;45.02;0
FAL;Tiburón jaquetón;PALANGRE DE SUPERFICIE EN AGUAS INTERNACIONALES;ESP000025873;MARGUEL;3VI-7-11-03;51.8;AGUAS INTERNACIONALES;2018-04-27;13:40;ECFB-20180301133044A;2018-03-01;2018-05-29;Mindelo;Durban;Eviscerado y descabezado;-33,8333;33,6833;LLD;Palangre de superficie;NULL;NULL;46.85;96.04;96.04;0
FAL;Tiburón jaquetón;PALANGRE DE SUPERFICIE EN AGUAS INTERNACIONALES;ESP000025873;MARGUEL;3VI-7-11-03;51.8;AGUAS INTERNACIONALES;2018-04-29;14:55;ECFB-20180301133044A;2018-03-01;2018-05-29;Mindelo;Durban;Eviscerado y descabezado;-32,9167;34,95;LLD;Palangre de superficie;NULL;NULL;92.23;189.07;189.07;0
FAL;Tiburón jaquetón;PALANGRE DE SUPERFICIE EN AGUAS INTERNACIONALES;ESP000025873;MARGUEL;3VI-7-11-03;51.8;AGUAS INTERNACIONALES;2018-04-30;13:45;ECFB-20180301133044A;2018-03-01;2018-05-29;Mindelo;Durban;Eviscerado y descabezado;-32,6667;34,7167;LLD;Palangre de superficie;NULL;NULL;12.20;25.01;25.01;0
FAL;Tiburón jaquetón;PALANGRE DE SUPERFICIE EN AGUAS INTERNACIONALES;ESP000025873;MARGUEL;3VI-7-11-03;51.8;AGUAS INTERNACIONALES;2018-05-01;14:10;ECFB-20180301133044A;2018-03-01;2018-05-29;Mindelo;Durban;Eviscerado y descabezado;-32,8;34,4667;LLD;Palangre de superficie;NULL;NULL;63.92;131.04;131.04;0
FAL;Tiburón jaquetón;PALANGRE DE SUPERFICIE EN AGUAS INTERNACIONALES;ESP000025873;MARGUEL;3VI-7-11-03;51.8;AGUAS INTERNACIONALES;2018-05-07;13:0;ECFB-20180301133044A;2018-03-01;2018-05-29;Mindelo;Durban;Eviscerado y descabezado;-32,8333;34,3167;LLD;Palangre de superficie;NULL;NULL;15.13;31.02;31.02;0
FAL;Tiburón jaquetón;PALANGRE DE SUPERFICIE EN AGUAS INTERNACIONALES;ESP000025873;MARGUEL;3VI-7-11-03;51.8;AGUAS INTERNACIONALES;2018-05-17;14:45;ECFB-20180301133044A;2018-03-01;2018-05-29;Mindelo;Durban;Eviscerado y descabezado;-31,9167;35,5667;LLD;Palangre de superficie;NULL;NULL;12.20;25.01;25.01;0
FAL;Tiburón jaquetón;PALANGRE DE SUPERFICIE EN AGUAS INTERNACIONALES;ESP000025873;MARGUEL;3VI-7-11-03;51.8;AGUAS INTERNACIONALES;2018-05-24;15:0;ECFB-20180301133044A;2018-03-01;2018-05-29;Mindelo;Durban;Eviscerado y descabezado;-33;34,75;LLD;Palangre de superficie;NULL;NULL;53.19;109.04;109.04;0
FAL;Tiburón jaquetón;PALANGRE DE SUPERFICIE EN AGUAS INTERNACIONALES;ESP000025873;MARGUEL;3VI-7-11-03;51.8;AGUAS INTERNACIONALES;2018-06-14;13:45;ECFB-20180603114659Q;2018-06-03;2018-08-30;Durban;Durban;Eviscerado y descabezado;-30,2333;37,7333;LLD;Palangre de superficie;NULL;NULL;39.88;81.75;81.75;0
FAL;Tiburón jaquetón;PALANGRE DE SUPERFICIE EN AGUAS INTERNACIONALES;ESP000025873;MARGUEL;3VI-7-11-03;51.8;AGUAS INTERNACIONALES;2018-06-15;15:28;ECFB-20180603114659Q;2018-06-03;2018-08-30;Durban;Durban;Eviscerado y descabezado;-30,2;38,05;LLD;Palangre de superficie;NULL;NULL;46.69;95.71;95.71;0
FAL;Tiburón jaquetón;PALANGRE DE SUPERFICIE EN AGUAS INTERNACIONALES;ESP000025873;MARGUEL;3VI-7-11-03;51.8;AGUAS INTERNACIONALES;2018-06-17;15:15;ECFB-20180603114659Q;2018-06-03;2018-08-30;Durban;Durban;Eviscerado y descabezado;-30,15;37,5;LLD;Palangre de superficie;NULL;NULL;46.69;95.71;95.71;0
FAL;Tiburón jaquetón;PALANGRE DE SUPERFICIE EN AGUAS INTERNACIONALES;ESP000025873;MARGUEL;3VI-7-11-03;51.8;AGUAS INTERNACIONALES;2018-06-25;17:37;ECFB-20180603114659Q;2018-06-03;2018-08-30;Durban;Durban;Eviscerado y descabezado;-30,0333;36,9167;LLD;Palangre de superficie;NULL;NULL;46.69;95.73;95.73;0
FAL;Tiburón jaquetón;PALANGRE DE SUPERFICIE EN AGUAS INTERNACIONALES;ESP000025873;MARGUEL;3VI-7-11-03;51.8;AGUAS INTERNACIONALES;2018-06-27;14:8;ECFB-20180603114659Q;2018-06-03;2018-08-30;Durban;Durban;Eviscerado y descabezado;-29,3667;38,8167;LLD;Palangre de superficie;NULL;NULL;16.05;32.90;32.90;0
FAL;Tiburón jaquetón;PALANGRE DE SUPERFICIE EN AGUAS INTERNACIONALES;ESP000025873;MARGUEL;3VI-7-11-03;51.8;AGUAS INTERNACIONALES;2018-08-28;16:58;ECFB-20180603114659Q;2018-06-03;2018-08-30;Durban;Durban;Eviscerado y descabezado;-29,1;36,3667;LLD;Palangre de superficie;NULL;NULL;18.00;36.90;36.90;0
FAL;Tiburón jaquetón;PALANGRE DE SUPERFICIE EN AGUAS INTERNACIONALES;ESP000025873;MARGUEL;3VI-7-11-03;51.8;AGUAS INTERNACIONALES;2018-11-28;13:44;ECFB-20180906072528U;2018-09-06;2018-12-07;Durban;Durban;Eviscerado, descabezado y sin cola;-28,6283;39,0403;LLD;Palangre de superficie;NULL;NULL;20.00;41.00;41.00;0
FAL;Tiburón jaquetón;PALANGRE DE SUPERFICIE EN AGUAS INTERNACIONALES;ESP000025873;MARGUEL;3VI-7-11-03;51.8;AGUAS INTERNACIONALES;2018-11-30;16:44;ECFB-20180906072528U;2018-09-06;2018-12-07;Durban;Durban;Eviscerado, descabezado y sin cola;-28,5407;38,9227;LLD;Palangre de superficie;NULL;NULL;30.00;61.50;61.50;0
FAL;Tiburón jaquetón;PALANGRE DE SUPERFICIE EN AGUAS INTERNACIONALES;ESP000025873;MARGUEL;3VI-7-11-03;51.8;AGUAS INTERNACIONALES;2018-12-02;12:46;ECFB-20180906072528U;2018-09-06;2018-12-07;Durban;Durban;Eviscerado, descabezado y sin cola;-28,5602;38,9692;LLD;Palangre de superficie;NULL;NULL;20.00;41.00;41.00;0
